{"initial_reset_timestamp": 1609330002.6294074, "timestamps": [1609330003.9687052, 1609330004.9862602], "episode_lengths": [8, 19], "episode_rewards": [8.0, 19.0], "episode_types": ["t", "t", "t"]}